<?xml version="1.0" encoding="UTF-8"?>
<!DOCTYPE properties SYSTEM "http://java.sun.com/dtd/properties.dtd">
<properties>
	<comment>member-sql.xml</comment>
	
	<entry key="selectOne">
		SELECT MEMBER_EMAIL, MEMBER_NICK, MEMBER_TEL, MEMBER_ADDR,
		TO_CHAR(ENROLL_DT, 'YYYY"년" MM"월" DD"일"') AS ENROLL_DATE
		FROM MEMBER
		WHERE MEMBER_EMAIL = ?
		AND SECESSION_FL = 'N'
	</entry>
	
	<!-- 인증번호 수정 -->
	<entry key="updateCertification">
		UPDATE CERTIFICATION SET
		C_NUMBER = ?,
		ISSUE_DT = SYSDATE
		WHERE EMAIL = ?
	</entry>
	
	<entry key="insertCertification">
		INSERT INTO CERTIFICATION VALUES(?,?,SYSDATE)
	</entry>
	
	<entry key="selectAll">
		SELECT MEMBER_NO, MEMBER_EMAIL, MEMBER_NICK
		FROM MEMBER
	</entry>
</properties>